{"cameraMode":{"drawMode":0,"name":"Shaded","section":"Shading Mode"},"sceneLighting":true,"audioPlay":false,"sceneViewState":{"showFog":true,"showMaterialUpdate":true,"showSkybox":true,"showFlares":true,"showImageEffects":true,"showParticleSystems":true,"showVisualEffectGraphs":true,"m_FxEnabled":true},"in2DMode":false,"pivot":{"x":-1.369307279586792,"y":1.5217605829238892,"z":-0.6967625617980957},"rotation":{"x":0.29062145948410036,"y":0.01148165762424469,"z":-0.0034875988494604828,"w":0.9567627906799316},"size":7.784191131591797,"orthographic":false}